	{

		"metadata": {
			"formatVersion" : 3.1,
			"generatedBy"   : "Blender 2.7 Exporter",
			"vertices"      : 8,
			"faces"         : 12,
			"normals"       : 8,
			"colors"        : 0,
			"uvs"           : [14],
			"materials"     : 1,
			"morphTargets"  : 0,
			"bones"         : 0
		},

			"scale" : 1.000000,
			
			"vertices" : [0.787166,-0.849721,-0.917893,0.787166,-0.84972,1.08211,-1.21283,-0.84972,1.08211,-1.21283,-0.849721,-0.917893,0.787167,1.15028,-0.917892,0.787166,1.15028,1.08211,-1.21283,1.15028,1.08211,-1.21283,1.15028,-0.917893],
			"faces"    : [42,1,2,3,0,0,1,2,0,1,2,42,7,6,5,0,3,4,5,3,4,5,42,0,4,5,0,6,7,5,6,7,5,42,1,5,6,0,0,5,8,0,5,4,42,6,7,3,0,9,10,2,4,3,2,42,0,3,7,0,6,11,12,6,2,3,42,0,1,3,0,6,0,2,6,0,2,42,4,7,5,0,7,3,5,7,3,5,42,1,0,5,0,0,6,5,0,6,5,42,2,1,6,0,13,0,8,1,0,4,42,2,6,3,0,1,9,2,1,4,2,42,4,0,7,0,7,6,12,7,6,3],
			"uvs"      : [[0.503645,0.375375,0.70507,0.375375,0.70507,0.598668,0.100794,0.598668,0.100794,0.375375,0.300397,0.375375,0.501822,0.598668,0.300397,0.598668,0.300397,0.152082,0.906495,0.375375,0.906495,0.598668,0.501823,0.819962,0.300397,0.821962,0.501822,0.152082]],
			"normals"  : [0.577349,-0.577349,0.577349,-0.577349,-0.577349,0.577349,-0.577349,-0.577349,-0.577349,-0.577349,0.577349,-0.577349,-0.577349,0.577349,0.577349,0.577349,0.577349,0.577349,0.577349,-0.577349,-0.577349,0.577349,0.577349,-0.577349],
			
			"skinIndices"  : [],
			"skinWeights"  : [],
			"morphTargets" : [],
			
			"bones"      : [],
			"animations" : [],
			
			"colors"    : [],
			"materials" : [
				{
					"DbgColor": 15658734,
					"DbgIndex": 0,
					"DbgName": "Material",
					"blending": "NormalBlending",
					"colorAmbient": [0.800000011920929, 0.800000011920929, 0.800000011920929],
					"colorDiffuse": [0.800000011920929, 0.800000011920929, 0.800000011920929],
					"colorEmissive": [0.0, 0.0, 0.0],
					"colorSpecular": [0.40032756328582764, 0.40032756328582764, 0.40032756328582764],
					"depthTest": true,
					"depthWrite": true,
					"mapDiffuse": "サイコロ.png",
					"mapDiffuseWrap": ["repeat", "repeat"],
					"shading": "Lambert",
					"specularCoef": 50,
					"transparency": 1.0,
					"transparent": false,
					"vertexColors": false
				}
			]


	}
